Team,Conference,G,RBI,AB,R,H,2B,3B,TB,HR,IBB,BB,HBP,SF,SH,K,KL,DP,GDP,TP,SB,CS,Picked,GO,FO
A&M-Corpus Christi,Southland,42,146,"1,068",170,258,57,4,377,18,1,141,17,8,27,230,67,14,8,,53,10,,300,269
Abilene Christian,WAC,46,168,"1,177",192,321,60,9,474,25,5,143,40,8,17,249,66,16,10,,38,13,,310,279
Akron,MAC,43,139,"1,099",153,265,43,5,381,21,,89,18,9,20,248,64,9,2,,26,4,,280,279
Alabama,SEC,47,241,"1,183",270,355,62,8,571,46,1,177,35,15,24,182,32,16,8,,54,14,,301,345
Alabama A&M,SWAC,34,103,895,136,225,35,5,294,8,,79,17,5,28,151,30,13,3,,49,14,,294,199
Alabama St.,SWAC,44,134,"1,144",172,303,51,9,387,5,,90,19,10,30,215,60,6,5,,95,14,,296,316
Alcorn,SWAC,41,170,"1,025",188,272,43,21,387,10,1,122,21,11,15,202,53,12,6,,63,10,,243,290
App State,Sun Belt,46,227,"1,242",247,336,53,6,545,48,1,189,27,10,13,283,58,5,3,,39,4,,294,308
Arizona,Pac-12,43,259,"1,076",275,355,46,8,615,66,1,123,22,12,18,206,56,8,4,,18,7,,232,280
Arizona St.,Pac-12,39,257,980,270,325,64,5,630,77,1,140,47,14,12,172,70,17,5,,24,6,,179,307
Ark.-Pine Bluff,SWAC,42,108,978,117,229,40,6,323,14,1,67,8,9,15,238,69,7,3,,18,9,,239,260
Arkansas,SEC,43,302,"1,118",325,382,62,3,696,82,1,150,52,14,16,177,38,17,9,,36,8,,281,274
Army West Point,Patriot,45,131,"1,174",149,285,61,5,401,15,1,79,17,11,13,222,68,12,7,,36,8,,323,316
Auburn,SEC,46,273,"1,171",307,372,69,15,702,77,1,137,28,14,17,200,44,11,7,,62,17,,264,322
Austin Peay,OVC,44,166,"1,206",192,354,46,12,517,31,2,105,24,11,13,101,21,10,4,,34,8,,379,358
Ball St.,MAC,44,203,"1,173",223,334,51,7,552,51,,120,28,11,21,249,69,10,2,,59,15,,285,296
Baylor,Big 12,44,163,"1,122",192,314,52,11,421,11,1,122,29,7,21,186,51,10,3,,64,14,,326,292
Bellarmine,ASUN,45,86,"1,088",97,226,39,1,321,18,,102,12,9,17,249,58,7,3,,27,5,,276,334
Belmont,OVC,37,208,"1,004",231,324,50,7,466,26,,112,17,9,6,182,42,10,4,,85,15,,231,238
Bethune-Cookman,SWAC,44,87,"1,099",119,255,16,1,279,2,1,86,23,8,38,185,53,6,2,,43,22,,442,210
Binghamton,America East,35,112,927,128,226,41,9,345,20,1,77,20,10,12,237,69,7,2,,36,12,,212,239
Boise St.,Mountain West,41,250,"1,142",271,352,72,9,613,57,3,130,44,11,13,193,61,19,8,,31,6,,278,302
Boston College,ACC,43,136,"1,133",147,292,61,9,449,26,,85,25,7,11,216,54,14,6,,40,7,,319,283
Boston U.,Patriot,47,244,"1,276",276,403,68,20,580,23,,123,38,19,29,197,48,9,3,,57,11,,343,326
Bowling Green,MAC,39,144,"1,017",168,264,41,4,385,24,,125,21,11,24,246,71,12,3,,49,10,,261,244
Bradley,MVC,43,176,"1,127",199,312,58,12,469,25,,105,31,17,10,259,65,12,5,,57,8,,252,282
Brown,Ivy League,36,113,921,131,209,40,6,300,13,,88,27,4,19,176,41,10,6,,39,6,,260,267
Bryant,NEC,35,112,902,123,201,37,2,284,14,,112,20,8,22,235,52,6,3,,33,6,,195,269
Bucknell,Patriot,39,57,943,70,198,33,4,254,5,,72,9,5,11,198,66,8,3,,9,1,,276,265
Buffalo,MAC,37,131,957,145,207,37,6,340,28,1,136,23,5,3,298,103,5,2,,40,6,,154,291
Butler,Big East,40,139,"1,057",159,285,35,5,405,25,,120,26,8,20,200,46,7,2,,56,18,,260,296
BYU,WCC,39,219,985,244,305,60,7,496,39,,160,30,11,23,143,52,17,11,,50,7,,304,232
Cal Poly,Big West,39,149,"1,041",163,300,44,9,401,13,,88,32,6,26,130,40,18,9,,17,9,,305,290
Cal St. Fullerton,Big West,46,213,"1,269",242,382,65,4,548,31,1,100,36,10,15,240,48,14,6,,67,12,,340,279
California,Pac-12,46,213,"1,251",241,373,57,6,589,49,1,130,33,9,22,206,68,11,6,,49,13,,343,326
California Baptist,WAC,50,151,"1,238",181,298,54,9,400,10,,103,30,17,44,247,60,9,6,,51,14,,367,340
Campbell,Big South,43,120,"1,072",147,248,43,6,351,16,,120,28,13,30,229,63,13,4,,61,9,,264,344
Canisius,MAAC,39,159,"1,069",189,304,48,12,424,16,,99,17,9,16,242,65,12,4,,81,15,,275,221
Central Ark.,ASUN,44,195,"1,187",223,375,41,8,519,29,,146,9,9,22,237,61,7,2,,74,15,,321,238
Central Conn. St.,NEC,43,107,"1,067",112,236,55,5,364,21,,103,14,9,16,307,84,6,1,,11,5,,224,302
Central Mich.,MAC,42,173,"1,117",186,301,64,4,508,45,,104,16,4,24,237,70,15,7,,10,4,,273,294
Charleston So.,Big South,45,157,"1,175",174,300,54,7,461,31,,95,17,7,14,221,42,15,7,,25,8,,315,327
Charlotte,C-USA,46,232,"1,232",248,365,75,11,630,56,3,151,32,12,12,205,59,12,6,,40,10,,304,345
Chattanooga,SoCon,44,179,"1,144",198,306,61,7,492,37,,93,25,14,30,239,60,7,2,,47,6,,290,303
Clemson,ACC,47,211,"1,191",230,325,50,9,558,55,1,143,42,7,6,244,53,22,9,,60,13,,280,313
Cleveland St.,Horizon,34,117,916,141,222,45,2,316,15,,75,19,5,24,222,38,4,2,,33,9,,250,209
Coastal Carolina,Sun Belt,41,164,"1,045",173,266,48,,482,56,,102,15,7,14,234,59,16,10,,32,6,,239,302
Col. of Charleston,CAA,44,104,"1,129",117,244,39,1,333,16,,96,37,8,26,235,59,17,8,,16,7,,329,325
Colgate,Patriot,37,121,949,137,233,55,8,367,21,,84,13,7,16,189,50,16,4,,18,6,,233,275
Colorado St.,Mountain West,37,150,"1,018",169,281,44,12,406,19,,75,14,11,6,176,48,10,3,,35,6,,271,263
Columbia,Ivy League,35,106,915,120,226,36,2,323,19,2,80,23,4,14,152,38,6,1,,18,8,,245,276
Coppin St.,MEAC,39,111,973,137,231,48,8,325,10,,105,20,3,17,199,48,14,6,,15,10,,253,271
Cornell,Ivy League,29,95,765,100,178,26,3,249,13,,88,18,9,14,161,43,10,4,,13,4,,176,249
Creighton,Big East,38,165,997,181,280,54,6,448,34,2,107,28,11,19,257,62,9,5,,21,7,,260,203
CSU Bakersfield,Big West,36,63,821,78,163,22,10,229,8,2,65,23,5,19,247,74,10,2,,26,9,,193,218
CSUN,Big West,45,118,"1,132",136,235,43,7,343,17,,98,43,5,41,262,58,11,5,,28,6,,341,296
Dartmouth,Ivy League,35,91,851,110,195,38,4,274,11,,78,20,4,19,204,49,7,4,,33,9,,204,245
Dayton,Atlantic 10,34,111,878,125,253,32,3,333,14,1,78,17,12,33,156,33,13,3,,47,5,,280,208
Delaware,CAA,42,210,"1,144",233,319,62,11,511,36,1,149,24,11,16,163,62,13,3,,38,13,,317,334
Delaware St.,MEAC,32,57,714,68,139,16,4,181,6,,72,19,3,11,133,40,9,4,,39,12,,244,182
DePaul,Big East,43,245,"1,169",261,347,77,12,586,46,,152,39,13,10,235,45,6,6,,32,3,,302,273
Detroit Mercy,Horizon,36,62,864,70,175,20,,237,14,,80,13,2,7,187,37,11,4,,11,4,,262,228
Dixie St.,WAC,43,190,"1,132",208,356,59,4,525,34,,117,22,12,13,205,44,14,6,,46,10,,285,279
Drake,MVC,40,178,"1,004",202,265,50,6,387,20,,157,20,11,9,197,55,10,3,,64,7,,291,239
Drexel,CAA,40,198,"1,133",221,327,51,7,488,32,1,151,19,11,18,166,49,17,12,,33,4,,294,333
Duke,ACC,43,306,"1,098",320,368,71,6,685,78,,137,48,15,17,180,48,4,1,,65,12,,219,324
East Carolina,AAC,48,182,"1,216",215,314,60,12,458,20,,147,19,12,22,274,75,24,13,,62,13,,331,298
Eastern Ill.,OVC,47,224,"1,231",241,341,63,5,540,42,,166,15,12,30,225,79,10,4,,37,13,,289,376
Eastern Ky.,ASUN,42,131,"1,032",148,233,47,3,361,25,,140,35,16,9,244,55,13,6,,55,9,,219,341
Elon,CAA,44,150,"1,105",176,269,44,8,407,26,,136,22,8,16,230,66,12,4,,57,6,,267,316
ETSU,SoCon,47,77,"1,141",103,246,31,9,304,3,,92,23,11,16,261,55,14,8,,98,34,,308,311
Evansville,MVC,43,162,"1,082",186,274,62,11,418,20,,146,20,5,8,282,66,14,8,,44,7,,252,258
Fairfield,MAAC,36,105,886,119,209,42,3,290,11,2,82,15,8,40,231,59,7,3,,45,7,,228,238
Fairleigh Dickinson,NEC,39,150,"1,021",166,278,59,1,438,33,3,106,29,8,26,195,45,14,7,,34,7,,263,274
FGCU,ASUN,44,123,"1,115",130,278,38,9,391,19,1,84,25,6,22,215,39,6,2,,27,9,,288,339
FIU,C-USA,44,106,"1,054",125,235,36,7,306,7,,110,18,9,21,192,45,13,8,,43,12,,336,284
Fla. Atlantic,C-USA,46,130,"1,127",142,260,47,16,390,17,1,106,19,15,20,283,56,4,,,40,11,,271,314
Florida,SEC,47,246,"1,250",280,390,54,17,565,29,1,153,34,22,17,200,45,14,7,,105,11,,288,381
Florida A&M,SWAC,44,126,"1,136",153,272,51,7,373,12,1,89,20,6,14,224,44,17,9,,61,15,,337,275
Florida St.,ACC,48,271,"1,269",296,377,68,10,612,49,2,201,16,20,8,197,52,12,5,,76,18,,316,368
Fordham,Atlantic 10,41,149,"1,081",157,263,27,5,426,42,,111,15,8,15,258,63,10,2,,41,4,,272,265
Fresno St.,Mountain West,45,116,"1,112",139,266,40,12,381,17,2,123,19,6,25,263,71,11,7,,45,10,,295,285
Furman,SoCon,44,139,"1,099",163,242,43,6,354,19,,126,30,12,24,240,55,11,2,,41,5,,281,327
Ga. Southern,Sun Belt,38,99,928,119,200,18,8,312,26,,88,21,6,25,207,34,8,3,,43,10,,247,271
Gardner-Webb,Big South,38,114,996,129,239,51,5,327,9,,112,22,7,2,253,68,15,3,,29,9,,248,245
George Mason,Atlantic 10,42,142,"1,067",160,287,52,6,384,11,,113,13,9,19,216,55,19,4,,53,13,,259,297
George Washington,Atlantic 10,38,170,988,194,290,67,5,451,28,,108,14,9,21,126,47,13,7,,31,11,,292,273
Georgetown,Big East,38,155,"1,007",172,266,47,3,451,44,,106,36,8,18,204,42,6,2,,12,6,,236,297
Georgia,SEC,48,318,"1,240",342,410,71,9,760,87,,167,23,16,16,203,42,17,9,,44,10,,275,351
Georgia St.,Sun Belt,43,137,"1,067",159,258,44,6,389,25,,102,38,4,18,228,45,12,5,,96,22,,282,290
Georgia Tech,ACC,48,252,"1,280",285,374,70,6,552,32,1,218,41,9,26,226,72,16,7,,62,11,,372,308
Grambling,SWAC,36,141,964,182,265,45,4,333,5,1,113,20,7,21,179,44,5,1,,83,11,,242,240
Grand Canyon,WAC,43,251,"1,151",287,387,59,12,605,45,,102,40,13,15,175,53,2,,,112,16,,248,328
Green Bay,Horizon,35,136,892,152,243,43,3,391,33,,107,23,4,23,212,46,12,8,,49,11,,198,229
Hampton,Big South,49,141,"1,283",176,318,47,7,421,14,1,120,17,6,28,264,96,10,4,,67,14,,363,318
Hartford,America East,38,102,962,122,229,56,7,368,23,,67,16,9,10,219,50,11,6,,31,11,,256,244
Harvard,Ivy League,33,100,834,122,206,23,6,289,16,,97,24,8,19,179,38,7,3,,51,7,,222,222
Hawaii,Big West,33,118,846,137,210,29,2,327,28,,85,30,2,12,203,55,9,3,,28,8,,189,224
Hofstra,CAA,39,99,"1,049",131,257,35,3,328,10,,92,20,6,22,266,65,10,5,,23,4,,271,237
Holy Cross,Patriot,44,91,"1,120",111,270,46,0,346,10,1,107,14,6,31,202,51,21,11,,20,4,,353,282
Houston,AAC,47,199,"1,200",222,321,45,3,513,47,,139,30,12,24,206,43,14,5,,57,18,,316,355
Houston Baptist,Southland,38,105,991,121,239,40,9,345,16,,88,14,7,19,196,58,8,3,,19,4,,280,263
Howard,MEAC,43,199,"1,075",249,321,52,19,462,17,1,137,20,13,18,151,30,19,2,,76,19,,337,239
Idaho St.,Big Sky,42,197,"1,150",220,329,53,8,491,31,,110,37,12,22,209,65,22,10,,51,4,,300,295
Illinois,Big Ten,45,218,"1,222",237,388,84,5,566,28,,106,25,9,34,164,35,13,8,,59,17,,367,305
Illinois St.,MVC,43,152,"1,118",165,277,48,9,424,27,,123,21,7,8,269,64,7,,,25,5,,267,284
Indiana,Big Ten,40,202,"1,055",227,314,75,5,546,49,2,95,47,6,10,195,39,12,5,,86,25,,243,279
Indiana St.,MVC,44,169,"1,157",194,319,62,6,477,28,3,115,22,8,21,190,58,13,3,,40,12,,358,272
Iona,MAAC,38,107,"1,060",128,230,39,3,362,29,1,115,20,2,6,277,62,11,5,,41,17,,239,279
Iowa,Big Ten,44,160,"1,116",180,289,47,8,424,24,,116,27,10,22,188,57,18,6,,33,11,,333,295
Iowa St.,Big 12,45,224,"1,162",246,323,71,13,540,40,,152,31,17,3,256,83,7,1,,48,6,,254,314
IUPUI,Horizon,41,99,"1,030",120,231,36,6,318,13,,98,15,4,22,297,73,7,2,,36,9,,259,216
Jackson St.,SWAC,43,147,"1,080",177,277,44,19,413,18,1,111,33,14,28,208,51,13,8,,72,10,,297,282
Jacksonville,ASUN,40,114,966,130,242,42,4,346,18,,94,24,4,19,201,51,13,6,,53,7,,248,278
Jacksonville St.,ASUN,45,180,"1,217",193,342,59,5,513,34,,110,39,11,25,200,47,5,2,,47,5,,288,378
James Madison,CAA,42,204,"1,093",229,303,61,3,568,66,,121,30,6,19,226,65,5,1,,28,8,,227,332
Kansas,Big 12,43,193,"1,127",217,314,63,7,517,42,,132,20,2,17,248,82,8,4,,20,9,,273,279
Kansas City,Summit League,40,99,"1,019",108,225,38,7,343,22,3,110,10,5,12,222,68,16,11,,39,5,,296,265
Kennesaw St.,ASUN,40,139,"1,040",149,273,43,3,412,30,,93,16,10,18,212,46,7,5,,39,12,,281,262
Kent St.,MAC,39,135,964,156,231,42,3,360,27,1,103,25,8,27,240,57,10,4,,20,3,,290,205
Kentucky,SEC,43,270,"1,169",291,389,58,9,633,56,4,107,9,12,29,204,40,4,,,41,10,,284,288
Lafayette,Patriot,36,103,918,121,206,38,2,272,8,,87,31,6,13,175,48,14,5,,29,7,,268,253
Lamar University,WAC,39,103,983,128,206,35,4,306,19,,115,27,6,16,215,61,11,10,,15,3,,262,282
Lehigh,Patriot,34,135,909,151,271,42,8,398,23,1,73,2,9,10,140,35,9,5,,46,11,,257,214
Liberty,ASUN,48,249,"1,255",281,365,61,11,580,44,2,159,25,20,13,198,53,23,12,,42,13,,303,367
Lipscomb,ASUN,43,141,"1,099",154,257,40,12,366,15,,114,21,7,23,280,70,15,5,,24,16,,278,285
LIU,NEC,46,188,"1,248",211,363,58,3,478,17,,110,19,12,37,185,57,10,3,,39,11,,370,327
LMU (CA),WCC,45,211,"1,168",239,352,68,5,523,31,1,126,31,14,47,203,66,10,5,,56,13,,317,310
Long Beach St.,Big West,42,155,"1,106",175,307,45,5,386,8,,97,33,11,17,178,50,21,15,,24,11,,343,262
Longwood,Big South,46,148,"1,230",178,335,47,9,475,25,,102,23,10,11,247,54,8,,,74,21,,307,314
Louisiana,Sun Belt,45,292,"1,196",327,427,87,20,722,56,3,150,23,20,16,140,46,18,5,,113,25,,303,324
Louisiana Tech,C-USA,49,222,"1,260",246,366,66,13,569,37,,160,57,12,26,251,79,17,3,,52,4,,265,378
Louisville,ACC,44,222,"1,162",245,335,62,15,583,52,3,149,20,6,16,239,64,7,4,,31,10,,274,298
Loyola Chicago,MVC,38,87,963,104,191,25,10,272,12,,96,15,5,10,227,74,6,4,,48,18,,265,262
LSU,SEC,47,264,"1,230",284,364,80,9,618,52,1,195,25,15,19,198,68,11,6,,44,7,,300,371
Maine,America East,38,132,"1,005",141,252,47,7,367,18,,67,12,9,15,213,49,12,4,,35,10,,279,247
Manhattan,MAAC,35,95,896,106,202,38,7,314,20,1,72,11,3,8,185,61,9,3,,36,10,,244,245
Marist,MAAC,41,151,"1,053",163,257,46,5,385,24,1,101,26,10,10,220,62,13,5,,48,10,,283,277
Marshall,C-USA,43,244,"1,107",266,357,77,2,609,57,,144,39,9,19,154,39,19,10,,32,3,,333,266
Maryland,Big Ten,45,181,"1,185",230,335,61,6,456,16,,132,36,15,19,190,65,6,3,,122,15,,353,296
Massachusetts,Atlantic 10,43,137,"1,091",163,275,34,10,368,13,,148,28,12,21,232,56,12,4,,25,3,,287,295
McNeese,Southland,46,201,"1,161",240,325,60,13,477,22,2,147,39,17,16,188,57,21,8,1,109,21,,303,332
Memphis,AAC,48,167,"1,196",188,307,39,6,415,19,,122,16,13,33,204,63,15,7,,24,16,,355,328
Mercer,SoCon,45,136,"1,150",153,288,43,8,389,14,,136,36,6,28,250,69,13,6,,27,12,,293,311
Merrimack,NEC,31,65,769,71,163,22,1,205,6,,78,15,2,12,177,46,5,,,28,6,,244,170
Miami (OH),MAC,42,243,"1,126",259,339,57,10,680,88,6,144,16,12,6,209,42,10,2,,35,8,,206,360
Michigan,Big Ten,43,183,"1,134",207,324,73,8,491,26,1,107,29,9,17,231,64,6,3,,46,13,,296,276
Michigan St.,Big Ten,48,164,"1,247",183,331,59,7,476,24,1,129,22,15,36,230,62,23,11,,47,17,,280,419
Middle Tenn.,C-USA,47,136,"1,217",148,302,47,4,399,14,,100,26,12,39,197,40,12,9,,48,9,,357,375
Minnesota,Big Ten,41,218,"1,095",231,313,59,5,544,54,2,156,41,7,20,213,61,14,6,,27,1,,226,341
Mississippi St.,SEC,48,231,"1,194",252,345,58,6,604,63,6,144,42,10,12,204,51,20,14,,18,6,,259,373
Mississippi Val.,SWAC,33,67,808,82,172,21,10,234,7,,59,13,4,25,156,38,5,2,,55,10,,279,191
Missouri,SEC,44,205,"1,178",229,338,47,8,605,68,2,133,24,9,8,236,58,10,4,,43,13,,270,321
Missouri St.,MVC,36,131,941,140,223,39,6,367,31,,100,19,7,16,231,66,6,2,,50,12,,255,233
Monmouth,MAAC,42,93,"1,067",108,226,43,3,311,12,1,104,29,3,19,266,86,11,4,,26,10,,254,309
Montana,Big Sky,41,184,"1,121",199,323,51,4,493,37,2,119,34,10,18,178,30,11,6,,21,3,,305,299
Morehead St.,OVC,36,77,813,90,175,29,5,226,4,,73,35,4,11,228,59,11,6,,39,15,,198,203
Morgan St.,MEAC,38,150,994,182,261,63,17,388,10,,125,26,11,14,151,43,6,2,,84,19,,286,278
Mount St. Mary's,NEC,41,118,"1,002",134,233,45,5,348,20,1,107,36,5,24,251,71,4,1,,88,12,,256,269
Murray St.,OVC,44,195,"1,132",221,338,78,9,533,33,1,105,30,11,15,195,45,11,3,,43,14,,271,324
N.C. A&T,Big South,40,139,980,154,242,28,9,366,26,,93,15,7,12,296,71,5,2,,61,15,,222,211
N.C. Central,MEAC,41,149,973,162,239,38,4,375,30,,110,23,2,3,234,60,18,10,,38,13,,204,270
NC State,ACC,50,243,"1,227",261,324,58,1,597,71,,180,46,15,11,330,68,8,4,1,27,8,,198,376
Nebraska,Big Ten,45,281,"1,242",300,404,66,10,694,68,2,157,22,10,8,186,51,21,15,,38,6,,293,334
Nevada,Mountain West,46,165,"1,201",184,305,52,6,444,25,1,116,49,11,26,315,110,11,1,,76,17,,282,295
New Mexico,Mountain West,44,190,"1,195",204,328,51,9,520,41,18,162,13,17,20,230,72,10,4,,17,5,,291,341
New Mexico St.,WAC,39,192,"1,015",209,315,42,3,513,50,,102,17,4,5,198,53,12,4,,32,9,,280,196
Niagara,MAAC,31,89,780,106,179,32,1,231,6,1,101,13,5,13,172,47,6,1,,30,6,,224,187
Nicholls,Southland,42,137,"1,012",147,263,53,4,372,16,,111,22,10,21,248,64,11,4,,49,13,,240,260
NIU,MAC,36,134,948,161,258,43,7,357,14,,107,9,9,24,151,36,5,,,54,17,,278,247
Norfolk St.,MEAC,47,237,"1,217",269,369,76,12,562,31,1,163,37,15,19,188,70,26,12,,95,25,,343,295
North Ala.,ASUN,43,243,"1,187",274,380,61,8,586,43,,129,19,13,14,145,34,12,6,,49,7,,322,314
North Carolina,ACC,48,175,"1,198",198,325,62,11,469,20,1,113,36,11,18,220,32,16,3,,49,23,,346,300
North Dakota,Summit League,47,86,"1,201",99,266,45,5,336,5,,105,21,10,11,214,49,19,8,,31,11,,368,325
North Dakota St.,Summit League,44,222,"1,203",237,336,86,5,501,23,,130,21,14,9,233,62,10,3,,26,7,,309,309
North Florida,ASUN,51,230,"1,288",258,366,61,9,547,34,,137,24,17,39,142,48,16,6,,72,20,,375,406
North Texas,C-USA,38,204,"1,003",221,288,56,4,508,52,3,114,21,12,7,196,55,13,2,,44,11,,245,261
Northern Colo.,Big Sky,44,173,"1,146",192,328,52,9,455,19,1,92,37,12,33,188,44,11,3,,29,13,,326,302
Northern Ky.,Horizon,45,126,"1,156",145,270,50,4,382,18,,109,21,5,41,271,80,9,5,,32,8,,363,250
Northwestern,Big Ten,41,240,"1,131",273,330,53,7,568,57,7,144,48,13,6,218,53,4,,,59,13,,268,290
Northwestern St.,Southland,45,161,"1,209",172,325,46,1,460,29,,110,21,8,32,199,47,19,11,,20,6,,302,380
Notre Dame,ACC,44,255,"1,238",284,411,84,12,642,41,4,110,32,11,16,142,31,10,5,,64,9,,351,316
Oakland,Horizon,27,96,730,107,183,32,1,271,18,,62,13,5,3,136,32,8,6,,14,4,,176,203
Ohio,MAC,41,183,"1,134",209,316,69,11,542,45,1,123,32,11,4,230,61,10,2,,71,6,,246,329
Ohio St.,Big Ten,40,187,"1,066",203,309,51,10,503,41,1,79,22,10,24,180,47,7,2,,38,10,,294,286
Oklahoma,Big 12,43,381,"1,034",402,393,53,7,802,114,2,200,36,17,9,112,18,14,8,1,47,11,,238,266
Oklahoma St.,Big 12,45,231,"1,172",263,358,45,4,594,61,,155,28,10,16,209,55,15,3,,47,10,,305,279
Ole Miss,SEC,47,230,"1,192",253,346,64,8,534,36,1,155,48,14,18,221,66,13,10,,43,7,,266,358
Omaha,Summit League,35,130,947,147,269,50,6,397,22,,89,32,6,4,183,54,13,6,,39,3,,259,218
Oregon,Pac-12,42,237,"1,152",265,353,66,7,604,57,,102,24,14,8,173,51,11,3,,73,15,,307,287
Oregon St.,Pac-12,46,213,"1,274",237,363,58,4,570,47,1,104,24,8,7,245,45,8,3,,33,11,,317,312
Pacific,WCC,42,110,"1,111",130,277,37,5,375,17,1,73,17,7,22,186,35,17,12,,36,14,,311,310
Penn,Ivy League,37,110,980,128,241,32,3,351,24,1,103,20,4,10,209,48,6,2,,26,5,,225,291
Penn St.,Big Ten,44,186,"1,130",199,297,60,6,492,41,2,111,33,6,20,232,55,9,3,,30,8,,258,336
Pittsburgh,ACC,38,129,937,134,240,33,8,379,30,,95,15,3,24,243,66,9,2,,38,14,,233,228
Portland St.,Big Sky,39,155,"1,009",176,270,41,5,387,22,,126,28,8,20,205,58,9,4,,51,10,,293,221
Prairie View,SWAC,38,148,981,167,273,49,6,412,26,4,128,11,6,29,209,68,16,4,,42,8,,292,217
Presbyterian,Big South,41,180,"1,039",197,317,54,4,481,34,1,94,16,11,21,224,55,11,9,,49,6,,238,260
Princeton,Ivy League,36,127,959,148,283,55,3,374,10,,61,11,5,14,159,38,11,2,,37,12,,264,241
Providence,Big East,40,149,"1,026",163,247,45,2,386,30,2,125,26,2,9,217,69,14,10,,25,8,,261,268
Purdue,Big Ten,46,142,"1,134",157,293,47,12,448,28,3,114,27,11,17,256,59,6,3,,25,6,,264,321
Purdue Fort Wayne,Horizon,41,98,958,111,211,42,4,318,19,,98,14,6,22,272,80,6,5,,37,12,,243,238
Quinnipiac,MAAC,32,94,797,104,183,41,4,262,10,,74,24,6,14,171,43,3,1,,22,9,,238,190
Radford,Big South,40,123,"1,016",134,228,42,1,371,33,,93,16,5,33,240,45,2,1,,22,6,,302,247
Rhode Island,Atlantic 10,39,115,"1,043",133,261,41,7,346,10,,93,4,9,23,190,54,10,6,,41,10,,283,309
Rider,MAAC,44,181,"1,239",204,374,53,6,475,12,,61,22,6,24,184,38,10,6,1,15,5,,364,301
Robert Morris,Horizon,38,159,"1,054",184,276,48,4,398,22,,120,24,6,12,214,49,6,5,,49,4,,264,267
Rutgers,Big Ten,50,199,"1,242",224,340,67,7,508,29,2,150,51,17,23,208,53,26,6,,59,16,,329,376
Sacramento St.,Big Sky,45,201,"1,201",214,342,54,4,545,47,4,118,15,7,25,231,58,18,10,,26,8,,331,294
Sacred Heart,NEC,44,108,"1,112",123,271,45,5,395,23,,96,18,8,15,246,67,15,1,,12,3,,275,303
Saint Francis (PA),NEC,44,178,"1,157",205,333,53,9,515,37,6,111,41,12,21,166,36,15,5,,44,11,,296,353
Saint Joseph's,Atlantic 10,38,123,"1,013",141,246,39,4,335,14,2,136,18,5,14,193,44,9,2,,54,8,,329,221
Saint Louis,Atlantic 10,41,153,"1,034",169,261,59,11,408,22,1,129,23,9,23,240,57,10,2,,46,10,,252,284
Saint Mary's (CA),WCC,39,96,977,115,228,31,12,301,6,,66,28,9,25,175,51,14,4,,21,10,,273,296
Saint Peter's,MAAC,41,137,"1,068",160,264,45,5,361,14,,58,26,9,22,184,33,11,3,,45,11,,287,310
Sam Houston,WAC,45,144,"1,179",164,265,46,5,411,30,,130,41,12,19,234,51,14,8,,37,9,,386,287
Samford,SoCon,41,148,"1,117",171,304,45,5,425,22,,116,8,7,24,137,44,10,5,,43,8,,351,315
San Diego,WCC,48,141,"1,252",160,304,47,6,417,18,,113,27,6,21,246,77,9,2,,23,7,,371,318
San Diego St.,Mountain West,42,189,"1,160",209,340,47,11,493,28,8,118,27,8,22,187,51,12,4,,65,17,,343,284
San Jose St.,Mountain West,43,164,"1,164",186,322,56,11,496,32,3,139,19,4,21,229,47,17,11,,17,5,,341,265
Santa Clara,WCC,41,145,"1,060",159,289,52,8,375,6,,81,30,11,36,188,50,14,6,,46,6,,318,275
Seattle U,WAC,44,168,"1,179",181,314,45,8,453,26,3,105,26,7,11,196,63,10,9,,23,10,,378,268
Seton Hall,Big East,37,158,"1,019",185,295,68,7,464,29,1,94,22,9,7,216,44,12,5,,34,5,,228,263
SFA,WAC,39,153,"1,005",167,267,53,6,431,33,2,130,27,10,28,192,53,14,8,,11,4,,279,273
Siena,MAAC,39,155,"1,090",174,297,54,6,408,15,2,101,23,14,23,163,47,11,,,17,5,,328,296
SIUE,OVC,43,136,"1,132",154,295,52,2,447,32,1,91,15,7,13,212,51,16,6,,24,3,,300,305
South Alabama,Sun Belt,37,123,933,138,234,29,9,362,27,4,103,9,9,18,211,54,12,7,,37,11,,253,234
South Carolina,SEC,49,238,"1,283",262,360,60,11,547,35,2,167,45,13,12,266,60,22,18,,62,12,,375,279
South Carolina St.,MEAC,37,68,843,81,175,14,6,231,10,,76,24,1,14,195,48,8,,,36,9,,247,212
South Dakota,Summit League,43,196,"1,170",222,329,54,6,482,29,1,120,15,5,8,253,62,8,5,,30,6,,313,247
South Dakota St.,Summit League,41,240,"1,176",260,352,62,4,590,56,,138,20,12,7,205,67,9,4,,16,6,,259,333
South Fla.,AAC,49,188,"1,227",207,329,59,6,463,21,,141,22,13,31,209,38,13,5,,96,13,,351,338
Southeast Mo. St.,OVC,40,186,"1,030",209,295,55,6,452,30,,100,19,8,10,150,38,14,4,,37,13,,284,279
Southeastern La.,Southland,45,222,"1,178",271,394,74,13,575,27,4,114,25,9,24,162,39,10,4,,113,15,,318,283
Southern Ill.,MVC,40,213,"1,139",236,331,43,4,472,30,1,181,44,11,14,211,64,13,6,,36,10,,290,287
Southern Miss.,C-USA,45,184,"1,209",205,328,45,10,525,44,2,133,24,13,6,212,39,15,5,,49,6,,262,395
Southern U.,SWAC,41,107,"1,019",125,227,33,8,321,15,1,81,17,3,25,186,47,7,3,,33,17,,341,243
Southern Utah,Big Sky,37,73,841,79,171,33,4,245,11,,65,28,2,5,279,68,9,6,,16,4,,181,200
St. Bonaventure,Atlantic 10,42,71,"1,009",89,201,34,3,274,11,1,108,17,3,18,266,61,9,6,,27,8,,273,263
St. John's (NY),Big East,41,65,941,75,177,27,2,235,9,7,78,18,4,18,303,88,7,4,,42,14,,232,224
St. Thomas (MN),Summit League,41,135,"1,061",154,270,30,3,390,28,2,118,20,8,15,294,75,13,7,,33,5,,280,212
Stanford,Pac-12,44,172,"1,139",190,310,53,18,462,21,,90,24,10,10,188,50,8,4,,40,7,,286,348
Stetson,ASUN,48,139,"1,203",151,284,38,5,422,30,,95,27,11,26,277,60,9,2,,64,9,,297,350
Stony Brook,America East,39,169,"1,053",189,291,53,9,437,25,3,84,28,5,35,182,39,5,2,,44,9,,300,269
Syracuse,ACC,41,170,"1,057",191,291,51,5,427,25,1,103,29,13,11,224,51,8,5,,51,12,,275,250
Tarleton St.,WAC,43,198,"1,166",226,335,53,9,523,39,1,118,35,6,20,200,46,13,7,,21,3,,311,299
Tennessee,SEC,46,277,"1,197",295,343,66,9,646,73,3,163,78,11,4,235,55,15,9,,79,8,,286,311
Tennessee St.,OVC,46,62,"1,071",83,195,34,5,245,2,,81,16,5,18,249,51,10,3,,36,15,,304,296
Tennessee Tech,OVC,44,225,"1,175",257,339,51,6,528,42,,135,17,6,26,173,53,10,3,,51,6,,284,346
Texas,Big 12,48,257,"1,259",289,389,79,11,628,46,1,174,20,15,18,198,60,16,9,,73,8,,316,340
Texas A&M,SEC,44,237,"1,121",271,332,54,7,556,52,4,193,15,11,7,262,79,12,3,,71,10,,261,242
Texas Southern,SWAC,37,166,973,182,260,32,4,372,24,1,131,15,13,16,163,64,7,3,,42,5,,270,273
Texas St.,Sun Belt,46,197,"1,207",221,341,42,6,464,23,,152,15,10,14,234,86,10,4,,72,11,,342,263
Texas Tech,Big 12,45,161,"1,076",177,272,61,6,438,31,1,124,26,8,13,257,54,16,10,,29,5,,273,267
Toledo,MAC,43,153,"1,106",177,260,52,2,403,29,,114,32,10,15,271,59,10,3,,39,8,,276,279
Towson,CAA,42,135,"1,069",146,278,36,17,414,22,,73,21,9,17,197,47,9,1,,30,5,,294,279
Troy,Sun Belt,42,170,"1,055",190,281,60,4,460,37,1,149,22,6,18,196,47,14,9,,26,2,,264,304
Tulsa,AAC,42,145,"1,094",168,280,54,10,405,17,,110,29,11,14,196,49,22,12,,27,11,,319,283
UAB,C-USA,42,160,"1,109",174,293,56,13,414,13,1,91,34,17,9,120,29,12,4,,25,14,,335,342
UAlbany,America East,35,157,949,179,280,59,7,422,23,,77,15,8,13,212,53,10,1,,66,16,,237,201
UC Davis,Big West,43,109,"1,151",130,276,36,9,375,15,,79,32,7,20,224,66,12,8,,37,12,,305,326
UC Riverside,Big West,40,172,"1,051",183,285,61,8,428,22,4,121,34,16,14,215,58,14,7,,40,8,,267,282
UC San Diego,Big West,44,144,"1,115",153,275,51,6,392,18,2,117,29,10,40,235,61,15,9,,60,13,,361,252
UC Santa Barbara,Big West,43,146,"1,080",153,297,55,12,409,11,,68,24,12,23,179,41,9,5,,27,7,,314,291
UCF,AAC,50,264,"1,290",298,384,60,12,567,33,1,197,34,12,21,240,67,13,10,,77,12,,374,282
UCLA,Pac-12,41,237,"1,033",267,327,63,11,550,46,,117,25,12,23,195,40,5,,,50,13,,269,241
UConn,Big East,46,224,"1,220",258,353,57,8,534,36,1,143,27,13,19,246,74,5,1,,113,15,,302,290
UIC,Horizon,36,102,953,113,232,41,10,338,15,,70,24,4,25,177,36,9,5,,14,8,,280,263
UIW,Southland,43,148,"1,128",161,279,46,8,419,26,,112,16,8,18,227,52,6,1,,29,9,,299,297
ULM,Sun Belt,43,175,"1,115",203,302,45,7,406,15,,134,25,5,27,234,60,14,3,,60,14,,293,283
UMass Lowell,America East,36,135,977,149,254,51,3,395,28,,93,21,7,10,191,50,6,1,,35,8,,275,231
UMBC,America East,31,131,827,141,248,37,1,377,30,,65,13,6,11,134,42,6,4,,22,8,,219,210
UMES,MEAC,44,167,"1,152",193,339,45,9,426,8,,95,15,16,27,179,51,14,4,,89,17,,352,273
UNC Greensboro,SoCon,46,254,"1,250",272,345,63,5,682,88,2,140,43,14,14,229,50,7,2,,6,1,,275,392
UNCW,CAA,38,135,933,177,257,37,11,358,14,1,110,27,8,26,170,40,5,,,94,17,,251,238
UNI,MVC,37,202,977,214,278,52,6,513,57,1,150,11,13,5,190,54,5,5,,64,13,,223,281
UNLV,Mountain West,43,247,"1,116",257,351,49,9,574,52,1,158,34,16,19,209,61,11,7,,22,5,,270,293
USC Upstate,Big South,49,260,"1,230",295,390,74,4,598,42,,113,34,10,38,132,36,15,7,,112,6,,337,371
UT Arlington,Sun Belt,41,143,986,159,249,38,2,369,26,,140,6,5,35,216,63,9,3,,39,13,,287,245
UT Martin,OVC,41,212,"1,084",240,330,52,8,494,32,,110,22,12,22,173,51,9,4,,42,2,,333,237
Utah,Pac-12,44,201,"1,167",222,347,50,7,501,30,,110,26,13,24,158,34,9,2,,76,15,,374,280
Utah St.,Mountain West,44,208,"1,210",244,325,60,5,497,34,3,155,29,21,13,262,78,12,8,,49,5,,295,317
Utah Valley,WAC,37,196,"1,020",217,328,54,3,484,32,,110,23,11,18,179,55,14,7,,39,5,,236,271
UTEP,C-USA,43,122,"1,052",132,243,46,3,355,20,,107,20,6,14,242,56,9,3,,26,5,,260,294
UTSA,C-USA,41,168,"1,072",183,263,38,5,470,53,,156,16,8,2,277,104,18,3,,4,3,,223,287
Valparaiso,MVC,39,93,960,108,219,36,3,288,9,,65,13,4,17,176,42,21,14,,39,5,,336,211
Villanova,Big East,45,188,"1,206",208,325,55,5,531,47,2,139,30,9,4,271,65,20,10,,44,10,,261,324
Virginia,ACC,47,186,"1,223",210,304,65,3,486,37,,135,29,12,10,221,69,15,6,,61,16,,302,365
Virginia Tech,ACC,42,249,"1,185",262,382,56,17,619,49,2,116,15,8,4,158,28,17,8,,53,10,,262,354
Wagner,NEC,41,125,"1,115",139,296,51,6,395,12,1,81,16,10,36,146,33,20,10,,11,2,,343,336
Washington,Pac-12,39,230,"1,010",250,299,59,8,569,65,8,155,33,13,21,217,57,14,11,,42,7,,211,280
Weber St.,Big Sky,42,219,"1,126",257,340,54,8,527,39,,136,19,11,23,221,63,14,3,,46,7,,267,281
Western Caro.,SoCon,47,156,"1,193",182,278,47,2,458,43,,120,33,4,10,253,43,22,7,,67,17,,317,316
Western Ill.,Summit League,38,60,887,67,186,20,6,236,6,,75,18,3,13,235,46,13,4,,17,7,,244,213
Western Ky.,C-USA,39,187,"1,031",212,309,58,4,468,31,,127,14,8,22,159,42,3,1,,61,10,,277,276
Western Mich.,MAC,46,119,"1,127",133,243,40,3,349,20,,84,16,5,25,269,88,11,8,,12,4,,351,251
Wichita St.,AAC,41,301,"1,131",326,394,68,7,755,93,1,151,31,8,7,213,59,14,9,,44,8,,246,248
Winthrop,Big South,47,143,"1,164",167,291,41,6,389,15,,139,37,7,18,297,74,9,7,,88,23,,295,264
Wisconsin,Big Ten,37,170,957,194,254,48,12,392,22,16,143,38,12,9,228,64,13,4,,40,14,,207,244
Yale,Ivy League,31,80,748,98,176,29,6,283,22,,70,20,1,21,175,48,7,4,,8,4,,177,227
Youngstown St.,Horizon,45,160,"1,175",174,312,55,8,437,18,2,91,49,12,40,271,66,13,5,,26,7,,247,365